{"INITIALIED EPOCH": 100, "ACTUAL EPOCH": 100, "MODEL": "<bound method Module.parameters of PlateModel(\n  (conv1): Conv2d(3, 128, kernel_size=(3, 3), stride=(1, 1), padding=(1, 1))\n  (max_pool_1): MaxPool2d(kernel_size=(2, 2), stride=(2, 2), padding=0, dilation=1, ceil_mode=False)\n  (conv2): Conv2d(128, 64, kernel_size=(3, 3), stride=(1, 1), padding=(1, 1))\n  (max_pool_2): MaxPool2d(kernel_size=(2, 2), stride=(2, 2), padding=0, dilation=1, ceil_mode=False)\n  (linear1): Linear(in_features=768, out_features=512, bias=True)\n  (linear2): Linear(in_features=512, out_features=64, bias=True)\n  (drop): Dropout(p=0.2, inplace=False)\n  (gru): GRU(64, 32, num_layers=2, dropout=0.25, bidirectional=True)\n  (output): Linear(in_features=64, out_features=38, bias=True)\n)>", "LOSS": {"train": [9.502835683721713, 2.5503373246975047, 2.3833970468511025, 2.3259244621115385, 2.2983009487232833, 2.2813781026809936, 2.2712595387110635, 2.2635455724423523, 2.2586559845656944, 2.2543288904523093, 2.2523914808949463, 2.2491718877560247, 2.2477991177291465, 2.246234558246754, 2.2454611208073048, 2.2450792486705478, 2.2436783830955545, 2.2425249783450334, 2.2423268474599043, 2.2214537739122986, 1.7214879302120714, 1.0480433049656095, 0.7798102551667148, 0.7274614805897708, 0.6426618603802232, 0.5493500224812321, 0.4635343006048253, 0.3976284692842494, 0.3480126074066869, 0.3110748934682715, 0.28295900534700463, 0.12627284954149257, 0.03481772915514373, 0.024932851221550395, 0.02008590637829411, 0.01629378911718805, 0.012870808040831613, 0.010834510645104779, 0.009332983456453475, 0.007791156863310823, 0.00681390513532928, 0.006236515031319368, 0.00517839550474294, 0.008112873731762487, 0.005022360085849724, 0.00373168887937609, 0.003198191198944139, 0.0027878033299068056, 0.0024391651300161524, 0.002112631439650185, 0.0020672663591713423, 0.0018749810144226386, 0.0015954163474296884, 0.0014364430255862691, 0.0013374776219722455, 0.0011688537924013362, 0.0010900282160571171, 0.0009337750877310379, 0.0008192902351433914, 0.0007701216694571216, 0.0006783689170824512, 0.0006378425509119455, 0.0005764650065752447, 0.00048413664926700884, 0.00045014808934413527, 0.0003980173508078599, 0.0004043727231590156, 0.00035274663018296774, 0.00031393782587391795, 0.00028796087870086053, 0.0002535522755120866, 0.00022939591883822151, 0.00020942709328010482, 0.0001990114213657324, 0.0001748191091806687, 0.00016078999264180542, 0.00019349254799881093, 0.0001397976911951364, 0.00014810365769936994, 0.00010455267288812643, 0.00010816851931007545, 0.030370780899733454, 0.004846293044648572, 0.0013754359804027314, 0.0035903540289533944, 0.0003949543970520608, 0.00032394169052143794, 0.0010032791354605392, 0.00024664248196622506, 0.00021374549667973678, 0.0034700096080544102, 0.0009193570281409107, 0.0003723445634937244, 0.00018705834582476955, 0.0002443307807086043, 0.0001935867205449742, 0.00012966339750044176, 0.0001198669358725763, 0.00012101788700049467, 9.686404821218396e-05], "valid": [2.6949820064363026, 2.400612161273048, 2.3244524796803794, 2.2879872889745805, 2.2715838977268765, 2.2616641521453857, 2.253214677174886, 2.243710165932065, 2.2394961516062417, 2.2387633323669434, 2.238107000078474, 2.233892770040603, 2.237448124658494, 2.2362240042005266, 2.233690931683495, 2.232430934906006, 2.2335792496090843, 2.2320627712068104, 2.228482723236084, 1.999693126905532, 1.3060553528013683, 0.7880328694979349, 0.7368712453615098, 0.6674465991201854, 0.5617299945581526, 0.48607921316510155, 0.4163257366135007, 0.35339767876125516, 0.3112826716332209, 0.2840755752154759, 0.26059589641434805, 0.02999802448210262, 0.02049464958586863, 0.015407349071687176, 0.01209858427977278, 0.009748004886898257, 0.008068202573451259, 0.006757110579028016, 0.005771928555553868, 0.004930882903170728, 0.004262430637720085, 0.0037174437283760027, 0.0032465047247353055, 0.005210442579395715, 0.002452073812795182, 0.0021550632802592147, 0.0019086300328906094, 0.0016976345574394578, 0.0015153179965203716, 0.001357821586896621, 0.0012188429190289406, 0.001084476526427482, 0.000977359565218822, 0.0008777950424700975, 0.0007876840425610897, 0.0007103853803571491, 0.0006409352104778268, 0.0005770165146151114, 0.0005203853347449608, 0.00046845985205090114, 0.0004228750088562568, 0.0003831222559148002, 0.00034518917146626684, 0.00031344743218228574, 0.00028478792366859994, 0.0002550270354341982, 0.00023256624366955033, 0.00020813377826319387, 0.00018789956257456825, 0.0001706283371840116, 0.00015353643504481407, 0.0001384586925962053, 0.00012546797612837204, 0.00011347034194928018, 0.00010228411840563196, 9.252079776377373e-05, 8.531943014878336e-05, 7.848581593688799e-05, 6.867926813789555e-05, 6.122583692472073e-05, 5.79388530847306e-05, 0.004160267436028724, 8.354174081302647e-05, 8.029954343718211e-05, 8.65498689000517e-05, 7.579584139637605e-05, 7.021079121235137e-05, 8.770414535233396e-05, 7.837357632178326e-05, 7.353214407755462e-05, 6.442185397082496e-05, 6.518059152378035e-05, 5.666438664775342e-05, 5.3525868203169446e-05, 5.1110634861591585e-05, 4.6860472918654394e-05, 5.1187539654728466e-05, 4.4358090408855964e-05, 4.330438137653151e-05, 4.203342351025813e-05]}, "ACCURACY": {"char": [0.0, 0.0, 0.0, 0.0, 0.0, 0.0, 0.0, 0.0, 0.0, 0.0, 0.0, 0.0, 0.0, 0.0, 0.0, 0.0, 0.0, 0.0, 0.0, 0.0, 0.16369047619047614, 0.2549603174603175, 0.2549603174603175, 0.3105158730158731, 0.45436507936507936, 0.47420634920634913, 0.4960317460317461, 0.5416666666666666, 0.5416666666666666, 0.5416666666666666, 0.5416666666666666, 0.7083333333333334, 0.7083333333333334, 0.7083333333333334, 0.7083333333333334, 0.7083333333333334, 0.7083333333333334, 0.7083333333333334, 0.7083333333333334, 0.7083333333333334, 0.7083333333333334, 0.7083333333333334, 0.7083333333333334, 0.7083333333333334, 0.7083333333333334, 0.7083333333333334, 0.7083333333333334, 0.7083333333333334, 0.7083333333333334, 0.7083333333333334, 0.7083333333333334, 0.7083333333333334, 0.7083333333333334, 0.7083333333333334, 0.7083333333333334, 0.7083333333333334, 0.7083333333333334, 0.7083333333333334, 0.7083333333333334, 0.7083333333333334, 0.7083333333333334, 0.7083333333333334, 0.7083333333333334, 0.7083333333333334, 0.7083333333333334, 0.7083333333333334, 0.7083333333333334, 0.7083333333333334, 0.7083333333333334, 0.7083333333333334, 0.7083333333333334, 0.7083333333333334, 0.7083333333333334, 0.7083333333333334, 0.7083333333333334, 0.7083333333333334, 0.7083333333333334, 0.7083333333333334, 0.7083333333333334, 0.7083333333333334, 0.7083333333333334, 0.7083333333333334, 0.7083333333333334, 0.7083333333333334, 0.7083333333333334, 0.7083333333333334, 0.7083333333333334, 0.7083333333333334, 0.7083333333333334, 0.7083333333333334, 0.7083333333333334, 0.7083333333333334, 0.7083333333333334, 0.7083333333333334, 0.7083333333333334, 0.7083333333333334, 0.7083333333333334, 0.7083333333333334, 0.7083333333333334, 0.7083333333333334], "label": [0.0, 0.0, 0.0, 0.0, 0.0, 0.0, 0.0, 0.0, 0.0, 0.0, 0.0, 0.0, 0.0, 0.0, 0.0, 0.0, 0.0, 0.0, 0.0, 0.0, 0.0, 0.0, 0.0, 0.0, 0.0, 0.0, 0.0, 0.0, 0.0, 0.0, 0.0, 0.0, 0.0, 0.0, 0.0, 0.0, 0.0, 0.0, 0.0, 0.0, 0.0, 0.0, 0.0, 0.0, 0.0, 0.0, 0.0, 0.0, 0.0, 0.0, 0.0, 0.0, 0.0, 0.0, 0.0, 0.0, 0.0, 0.0, 0.0, 0.0, 0.0, 0.0, 0.0, 0.0, 0.0, 0.0, 0.0, 0.0, 0.0, 0.0, 0.0, 0.0, 0.0, 0.0, 0.0, 0.0, 0.0, 0.0, 0.0, 0.0, 0.0, 0.0, 0.0, 0.0, 0.0, 0.0, 0.0, 0.0, 0.0, 0.0, 0.0, 0.0, 0.0, 0.0, 0.0, 0.0, 0.0, 0.0, 0.0, 0.0]}}