{"INITIALIED EPOCH": 50, "ACTUAL EPOCH": 50, "MODEL": "<bound method Module.parameters of PlateModel(\n  (conv1): Conv2d(3, 128, kernel_size=(3, 3), stride=(1, 1), padding=(1, 1))\n  (max_pool_1): MaxPool2d(kernel_size=(2, 2), stride=(2, 2), padding=0, dilation=1, ceil_mode=False)\n  (conv2): Conv2d(128, 64, kernel_size=(3, 3), stride=(1, 1), padding=(1, 1))\n  (max_pool_2): MaxPool2d(kernel_size=(2, 2), stride=(2, 2), padding=0, dilation=1, ceil_mode=False)\n  (linear1): Linear(in_features=768, out_features=512, bias=True)\n  (linear2): Linear(in_features=512, out_features=64, bias=True)\n  (drop): Dropout(p=0.2, inplace=False)\n  (gru): GRU(64, 32, num_layers=2, dropout=0.25, bidirectional=True)\n  (output): Linear(in_features=64, out_features=38, bias=True)\n)>", "LOSS": {"train": [9.494898854109346, 2.52926495213988, 2.372780476928388, 2.3190890519076555, 2.2926622761620417, 2.278296294035735, 2.2684999597135675, 2.261928316146608, 2.2576231969096674, 2.2545697449376343, 2.2521381516935963, 2.248892283313489, 2.2466603422921803, 2.245792203479343, 2.2437747647522617, 2.2434659584489447, 2.2428421532666243, 2.241702149154017, 2.241910351647271, 2.2416552021389915, 2.2303074743381885, 1.9156582059052887, 1.445975171825873, 1.229910623459589, 1.2099189474469139, 1.2037761939896479, 1.2015165399622034, 1.194920889284245, 1.1266873996093791, 0.7933179862284786, 0.7644228326580512, 0.7581346202148962, 0.7529429613597809, 0.7466062010911406, 0.7261608700272898, 0.7192995305414553, 0.716478116297848, 0.7137402091076765, 0.7132555337810011, 0.7117090956874625, 0.71191575729027, 0.7103503075226274, 0.7094287503333319, 0.709034938030142, 0.7014385695179934, 0.6958106451879733, 0.4911218170451109, 0.4781936619962965, 0.4744101321255719, 0.47229300037262933], "valid": [2.669033198129563, 2.395800919759841, 2.321693954013643, 2.2896980331057595, 2.2740535963149298, 2.2633790856315974, 2.256663447334653, 2.2499166556767056, 2.247334752764021, 2.244420153754098, 2.24172880536034, 2.2391931897117976, 2.241277513049898, 2.236839782624018, 2.2381055695669994, 2.234415508451916, 2.234748567853655, 2.235319341932024, 2.235917125429426, 2.2334452924274264, 2.107477381115868, 1.7640230428604853, 1.2357368582770938, 1.206939282871428, 1.1971107494263422, 1.190346116111392, 1.1888328393300374, 1.1713105156308128, 0.847693417753492, 0.7596726786522638, 0.7546792115483966, 0.746074066275642, 0.7527098315102714, 0.7270226109595526, 0.7124270711626325, 0.711491082395826, 0.7094810009002686, 0.7100357668740409, 0.7098615822337923, 0.7056831007912046, 0.7047305078733535, 0.7065560732569013, 0.7065833154178801, 0.703955868879954, 0.7472377220789591, 0.5053775253750029, 0.4703484617528461, 0.4670011954648154, 0.4665675816081819, 0.4636846496945336]}, "ACCURACY": {"char": [0.0, 0.0, 0.0, 0.0, 0.0, 0.0, 0.0, 0.0, 0.0, 0.0, 0.0, 0.0, 0.0, 0.0, 0.0, 0.0, 0.0, 0.0, 0.0, 0.0, 0.0, 0.059523809523809534, 0.22619047619047614, 0.22619047619047614, 0.22619047619047614, 0.22619047619047614, 0.22619047619047614, 0.22619047619047614, 0.31746031746031733, 0.31746031746031733, 0.31746031746031733, 0.31746031746031733, 0.31746031746031733, 0.31746031746031733, 0.31746031746031733, 0.31746031746031733, 0.31746031746031733, 0.31746031746031733, 0.31746031746031733, 0.31746031746031733, 0.31746031746031733, 0.31746031746031733, 0.31746031746031733, 0.31746031746031733, 0.31746031746031733, 0.40773809523809534, 0.40773809523809534, 0.40773809523809534, 0.40773809523809534, 0.40773809523809534], "label": [0.0, 0.0, 0.0, 0.0, 0.0, 0.0, 0.0, 0.0, 0.0, 0.0, 0.0, 0.0, 0.0, 0.0, 0.0, 0.0, 0.0, 0.0, 0.0, 0.0, 0.0, 0.0, 0.0, 0.0, 0.0, 0.0, 0.0, 0.0, 0.0, 0.0, 0.0, 0.0, 0.0, 0.0, 0.0, 0.0, 0.0, 0.0, 0.0, 0.0, 0.0, 0.0, 0.0, 0.0, 0.0, 0.0, 0.0, 0.0, 0.0, 0.0]}}