{"INITIALIED EPOCH": 50, "ACTUAL EPOCH": 50, "MODEL": "<bound method Module.parameters of PlateModel(\n  (conv1): Conv2d(3, 128, kernel_size=(3, 3), stride=(1, 1), padding=(1, 1))\n  (max_pool_1): MaxPool2d(kernel_size=(2, 2), stride=(2, 2), padding=0, dilation=1, ceil_mode=False)\n  (conv2): Conv2d(128, 64, kernel_size=(3, 3), stride=(1, 1), padding=(1, 1))\n  (max_pool_2): MaxPool2d(kernel_size=(2, 2), stride=(2, 2), padding=0, dilation=1, ceil_mode=False)\n  (linear1): Linear(in_features=768, out_features=512, bias=True)\n  (linear2): Linear(in_features=512, out_features=64, bias=True)\n  (drop): Dropout(p=0.2, inplace=False)\n  (gru): GRU(64, 32, num_layers=2, dropout=0.25, bidirectional=True)\n  (output): Linear(in_features=64, out_features=38, bias=True)\n)>", "LOSS": {"train": [9.05380981182926, 2.556902975001663, 2.3856590828567588, 2.326776291327502, 2.297758696571229, 2.280713437095521, 2.270204457025679, 2.2638601197136774, 2.258760690689087, 2.2550367728742975, 2.2501611785283164, 2.2491320693303667, 2.2476544758630177, 2.2465214741923822, 2.2451119296765203, 2.243913349020418, 2.2437445650655756, 2.2427067971103405, 2.2429591776832702, 2.2417356072279513, 2.241586133916542, 2.24101518701624, 2.240346070950624, 2.240481929173545, 2.2399853411174955, 2.2404040205415594, 2.2403083831544905, 2.2396449159692833, 2.2395713039176175, 2.2350772020047303, 1.7980029362219352, 1.2515534124677143, 0.9170087793516735, 0.7899008115763386, 0.733178894828867, 0.664581383031512, 0.6558844921765504, 0.6523992039223827, 0.6494875707954326, 0.647746603009562, 0.6471276043584107, 0.6455159712405432, 0.6445902715284357, 0.6441051846458798, 0.6438118506360937, 0.6425901684496138, 0.6431624160872565, 0.6423364079818523, 0.6416717769292296, 0.6428752197790398], "valid": [2.7048081897553944, 2.408340124856858, 2.3302699611300515, 2.2900569893064953, 2.2733508745829263, 2.2638270287286666, 2.253658203851609, 2.247892345700945, 2.2436686810993014, 2.2421465260641917, 2.246183985755557, 2.236786649340675, 2.2370606604076566, 2.2306895596640453, 2.235883054279146, 2.2374193441300165, 2.22855806350708, 2.233516738528297, 2.233420735313779, 2.2316680068061467, 2.2334692364647273, 2.230860494431995, 2.230029651096889, 2.2330384708586193, 2.2298830577305386, 2.228367578415644, 2.2286157267434255, 2.2313684622446694, 2.229930673326765, 2.147444497971308, 1.2812178872880482, 1.1320767402648926, 0.7842837231499808, 0.7653814554214478, 0.6538351603916713, 0.6426886802627927, 0.6403953660102117, 0.6376261569204784, 0.6304096011888414, 0.6302827341215951, 0.6309513392902556, 0.629760449840909, 0.6347267514183408, 0.631335851692018, 0.6302868184589204, 0.6306549793197995, 0.6274272515660241, 0.6318591237068176, 0.6322549609910875, 0.6313017436436245]}, "ACCURACY": {"char": [0.0, 0.0, 0.0, 0.0, 0.0, 0.0, 0.0, 0.0, 0.0, 0.0, 0.0, 0.0, 0.0, 0.0, 0.0, 0.0, 0.0, 0.0, 0.0, 0.0, 0.0, 0.0, 0.0, 0.0, 0.0, 0.0, 0.0, 0.0, 0.0, 0.0, 0.24007936507936506, 0.24007936507936506, 0.33134920634920617, 0.33134920634920617, 0.33134920634920617, 0.33134920634920617, 0.4216269841269842, 0.3779761904761905, 0.3541666666666667, 0.33134920634920617, 0.33134920634920617, 0.4216269841269842, 0.4216269841269842, 0.37698412698412703, 0.37797619047619047, 0.4216269841269842, 0.33134920634920617, 0.33134920634920617, 0.4216269841269842, 0.3988095238095239], "label": [0.0, 0.0, 0.0, 0.0, 0.0, 0.0, 0.0, 0.0, 0.0, 0.0, 0.0, 0.0, 0.0, 0.0, 0.0, 0.0, 0.0, 0.0, 0.0, 0.0, 0.0, 0.0, 0.0, 0.0, 0.0, 0.0, 0.0, 0.0, 0.0, 0.0, 0.0, 0.0, 0.0, 0.0, 0.0, 0.0, 0.0, 0.0, 0.0, 0.0, 0.0, 0.0, 0.0, 0.0, 0.0, 0.0, 0.0, 0.0, 0.0, 0.0]}}